,name,company,year,Price,kms_driven,fuel_type
0,Hyundai Santro Xing,Hyundai,2007,"80,000","45,000 kms",Petrol
1,Mahindra Jeep CL550,Mahindra,2006,"4,25,000",40 kms,Diesel
2,Maruti Suzuki Alto,Maruti,2018,Ask For Price,"22,000 kms",Petrol
3,Hyundai Grand i10,Hyundai,2014,"3,25,000","28,000 kms",Petrol
4,Ford EcoSport Titanium,Ford,2014,"5,75,000","36,000 kms",Diesel
5,Ford EcoSport Titanium,Ford,2015,Ask For Price,"59,000 kms",Diesel
6,Ford Figo,Ford,2012,"1,75,000","41,000 kms",Diesel
7,Hyundai Eon,Hyundai,2013,"1,90,000","25,000 kms",Petrol
8,Ford EcoSport Ambiente,Ford,2016,"8,30,000","24,530 kms",Diesel
9,Maruti Suzuki Alto,Maruti,2015,"2,50,000","60,000 kms",Petrol
10,Skoda Fabia Classic,Skoda,2010,"1,82,000","60,000 kms",Petrol
11,Maruti Suzuki Stingray,Maruti,2015,"3,15,000","30,000 kms",Petrol
12,Hyundai Elite i20,Hyundai,2014,"4,15,000","32,000 kms",Petrol
13,Mahindra Scorpio SLE,Mahindra,2015,"3,20,000","48,660 kms",Diesel
14,Hyundai Santro Xing,Hyundai,2007,"80,000","45,000 kms",Petrol
15,Mahindra Jeep CL550,Mahindra,2006,"4,25,000",40 kms,Diesel
16,Audi A8,Audi,2017,"10,00,000","4,000 kms",Petrol
17,Audi Q7,Audi,2014,"5,00,000","16,934 kms",Diesel
18,Mahindra Scorpio S10,Mahindra,2016,"3,50,000","43,000 kms",Diesel
19,Maruti Suzuki Alto,Maruti,2014,"1,60,000","35,550 kms",Petrol
20,Mahindra Scorpio S10,Mahindra,2016,"3,50,000","43,000 kms",Diesel
21,Mahindra Scorpio S10,Mahindra,2016,"3,10,000","39,522 kms",Diesel
22,Maruti Suzuki Alto,Maruti,2015,"75,000","39,000 kms",Petrol
23,Hyundai i20 Sportz,Hyundai,2012,"1,00,000","55,000 kms",Petrol
24,Hyundai i20 Sportz,Hyundai,2012,"1,00,000","55,000 kms",Petrol
25,Hyundai i20 Sportz,Hyundai,2012,"1,00,000","55,000 kms",Petrol
26,Maruti Suzuki Alto,Maruti,2017,"1,90,000","72,000 kms",Petrol
27,Maruti Suzuki Vitara,Maruti,2016,"2,90,000","15,975 kms",Diesel
28,Maruti Suzuki Alto,Maruti,2008,"95,000","70,000 kms",Petrol
29,Mahindra Bolero DI,Mahindra,2017,"1,80,000","23,452 kms",Diesel
30,Maruti Suzuki Swift,Maruti,2014,"3,85,000","35,522 kms",Diesel
31,Mahindra Scorpio S10,Mahindra,2015,"2,50,000","48,508 kms",Diesel
32,Maruti Suzuki Swift,Maruti,2017,"1,80,000","15,487 kms",Petrol
33,Maruti Suzuki Wagon,Maruti,2013,"1,05,000","39,000 kms",Petrol
34,Maruti Suzuki Wagon,Maruti,2013,"1,05,000","39,000 kms",Petrol
35,Toyota Innova 2.0,Toyota,2012,"6,50,000","82,000 kms",Diesel
36,Renault Lodgy 85,Renault,2018,"6,89,999","20,000 kms",Diesel
37,Skoda Yeti Ambition,Skoda,2012,"4,48,000","68,000 kms",Diesel
38,Maruti Suzuki Baleno,Maruti,2017,"5,49,000","32,000 kms",Diesel
39,Renault Duster 110,Renault,2012,"5,01,000","38,000 kms",Diesel
40,Renault Duster 85,Renault,2013,"4,89,999","27,000 kms",Diesel
41,Honda City 1.5,Honda,2011,"2,80,000","33,000 kms",Petrol
42,Maruti Suzuki Alto,Maruti,2015,"2,50,000","60,000 kms",Petrol
43,Maruti Suzuki Dzire,Maruti,2013,"3,49,999","46,000 kms",Diesel
44,Honda Amaze,Honda,2013,"2,84,999","46,000 kms",Diesel
45,Honda Amaze 1.5,Honda,2015,"3,45,000","36,000 kms",Diesel
46,Honda City,Honda,2015,"4,99,999","55,000 kms",Petrol
47,Datsun Redi GO,Datsun,2017,"2,35,000","16,000 kms",Petrol
48,Maruti Suzuki SX4,Maruti,2010,"2,49,999","36,000 kms",Petrol
49,Mitsubishi Pajero Sport,Mitsubishi,2015,"14,75,000","47,000 kms",Diesel
50,Mahindra Bolero DI,Mahindra,2017,"1,80,000","23,452 kms",Diesel
51,Maruti Suzuki Swift,Maruti,2014,"3,85,000","35,522 kms",Diesel
52,Mahindra Scorpio S10,Mahindra,2015,"2,50,000","48,508 kms",Diesel
53,Maruti Suzuki Swift,Maruti,2017,"1,80,000","15,487 kms",Petrol
54,Maruti Suzuki Wagon,Maruti,2013,"1,05,000","39,000 kms",Petrol
55,Maruti Suzuki Wagon,Maruti,2013,"1,05,000","39,000 kms",Petrol
56,Mahindra Scorpio S10,Mahindra,2015,"3,95,000","35,000 kms",Diesel
57,Maruti Suzuki Swift,Maruti,2017,"2,20,000","30,874 kms",Petrol
58,Honda City ZX,Honda,2017,"1,70,000","15,000 kms",Diesel
59,Maruti Suzuki Wagon,Maruti,2013,"85,000","29,685 kms",Petrol
60,Ford Figo,Ford,2012,"1,75,000","41,000 kms",Diesel
61,Hyundai Eon,Hyundai,2013,"1,90,000","25,000 kms",Petrol
62,Tata Indigo eCS,Tata,2017,"2,00,000","1,30,000 kms",Diesel
63,Ford EcoSport Ambiente,Ford,2016,"8,30,000","24,530 kms",Diesel
64,Tata Indigo eCS,Tata,2017,"2,00,000","1,30,000 kms",Diesel
65,Mahindra Scorpio SLE,Mahindra,2012,"5,70,000","19,000 kms",Diesel
66,Volkswagen Polo Highline,Volkswagen,2014,"3,15,000","60,000 kms",Petrol
67,Skoda Fabia Classic,Skoda,2010,"1,82,000","60,000 kms",Petrol
68,Maruti Suzuki Stingray,Maruti,2015,"3,15,000","30,000 kms",Petrol
69,Chevrolet Spark LS,Chevrolet,2010,"1,10,000","41,000 kms",Petrol
70,Renault Duster 110PS,Renault,2012,"5,01,000","35,000 kms",Diesel
71,Honda City,Honda,2015,"4,48,999","54,000 kms",Petrol
72,Mini Cooper S,Mini,2013,"18,91,111","13,000 kms",Petrol
73,Datsun Redi GO,Datsun,2017,"2,35,000","16,000 kms",Petrol
74,Skoda Fabia 1.2L,Skoda,2011,"1,59,500","38,200 kms",Diesel
75,Honda Amaze,Honda,2015,"3,44,999","22,000 kms",Petrol
76,Honda Amaze,Honda,2015,"3,44,999","22,000 kms",Petrol
77,Renault Duster,Renault,2014,"4,49,999","50,000 kms",Diesel
78,Mini Cooper S,Mini,2013,"18,91,111","13,500 kms",Petrol
79,Mahindra Scorpio S4,Mahindra,2015,"8,65,000","30,000 kms",Diesel
80,Mahindra Scorpio VLX,Mahindra,2014,"6,99,000","50,000 kms",Diesel
81,Mahindra Quanto C8,Mahindra,2013,"3,75,000","20,000 kms",Diesel
82,Ford EcoSport,Ford,2017,"4,89,999","39,000 kms",Petrol
83,Honda Brio,Honda,2012,"2,24,999","30,000 kms",Petrol
84,Volkswagen Vento Highline,Volkswagen,2019,"12,00,000","3,600 kms",Diesel
85,Hyundai i20 Magna,Hyundai,2009,"1,95,000","32,000 kms",Petrol
86,Toyota Corolla Altis,Toyota,2010,"3,51,000","38,000 kms",Diesel
87,Hyundai Verna Transform,Hyundai,2008,"1,60,000","45,000 kms",Petrol
88,Toyota Corolla Altis,Toyota,2009,"2,40,000","35,000 kms",Petrol
89,Honda City 1.5,Honda,2005,"90,000","50,000 kms",Petrol
90,Hyundai Elite i20,Hyundai,2014,"4,15,000","32,000 kms",Petrol
91,Skoda Fabia 1.2L,Skoda,2011,"1,55,000","45,863 kms",Diesel
92,BMW 3 Series,BMW,2011,"6,00,000","60,500 kms",Petrol
93,Maruti Suzuki A,Maruti,2011,"1,89,500","12,500 kms",Petrol
94,Toyota Etios GD,Toyota,2013,"3,50,000","60,000 kms",Diesel
95,Ford Figo Diesel,Ford,2012,"2,10,000","35,000 kms",Diesel
96,Maruti Suzuki Swift,Maruti,2014,"3,90,000","35,000 kms",Petrol
97,Chevrolet Beat LT,Chevrolet,2012,"1,35,000","45,000 kms",Diesel
98,BMW 7 Series,BMW,2009,"16,00,000","35,000 kms",Petrol
99,Mahindra XUV500 W8,Mahindra,2013,"7,01,000","38,000 kms",Diesel
100,Hyundai i10 Magna,Hyundai,2014,"2,65,000","18,000 kms",Petrol
101,Hyundai Verna Fluidic,Hyundai,2015,"5,25,000","35,000 kms",Diesel
102,Maruti Suzuki Swift,Maruti,2013,"3,72,000","13,349 kms",Petrol
103,Maruti Suzuki Ertiga,Maruti,2016,"6,35,000","29,000 kms",Petrol
104,Ford EcoSport Titanium,Ford,2014,"5,50,000","44,000 kms",Diesel
105,Maruti Suzuki Ertiga,Maruti,2016,"5,75,000","29,000 kms",Petrol
106,Maruti Suzuki Ertiga,Maruti,2013,"4,85,000","42,000 kms",Diesel
107,Maruti Suzuki Alto,Maruti,2012,"1,55,000","14,000 kms",Petrol
108,Hyundai Grand i10,Hyundai,2014,"3,45,000","49,000 kms",Diesel
109,Honda Amaze 1.2,Honda,2014,"3,25,000","42,000 kms",Petrol
110,Hyundai i20 Asta,Hyundai,2012,"3,29,500","36,200 kms",Diesel
111,Ford Figo Diesel,Ford,2014,"1,95,000","50,000 kms",Diesel
112,Maruti Suzuki Eeco,Maruti,2015,"2,51,111","55,000 kms",Petrol
113,Maruti Suzuki Ertiga,Maruti,2014,"5,69,999","45,000 kms",Petrol
114,Maruti Suzuki Esteem,Maruti,2007,"69,999","51,000 kms",Petrol
115,Maruti Suzuki Ritz,Maruti,2014,"2,99,999","19,000 kms",Petrol
116,Maruti Suzuki Dzire,Maruti,2009,"2,20,000","46,000 kms",Petrol
117,Maruti Suzuki Ritz,Maruti,2013,"3,99,999","33,000 kms",Diesel
118,Maruti Suzuki Swift,Maruti,2013,"3,72,000","13,349 kms",Petrol
119,Maruti Suzuki Dzire,Maruti,2015,"4,50,000","1,04,000 kms",Diesel
120,Toyota Etios Liva,Toyota,2014,"2,70,000","55,000 kms",Petrol
121,Hyundai i20 Sportz,Hyundai,2011,"3,50,000","33,333 kms",Diesel
122,Chevrolet Spark,Chevrolet,2012,"1,58,400","33,600 kms",Petrol
123,Maruti Suzuki Alto,Maruti,2017,"3,50,000","5,600 kms",Petrol
124,Nissan Micra XV,Nissan,2011,"1,79,000","41,000 kms",Petrol
125,Maruti Suzuki Swift,Maruti,2007,"1,25,000","70,000 kms",Petrol
126,Maruti Suzuki Alto,Maruti,2018,"2,00,000","7,500 kms",Petrol
127,Honda Amaze 1.5,Honda,2013,"2,99,000","45,000 kms",Diesel
128,Maruti Suzuki Alto,Maruti,2015,"2,20,000","38,000 kms",Petrol
129,Chevrolet Beat,Chevrolet,2015,"1,50,000","30,000 kms",Petrol
130,Honda City 1.5,Honda,2010,"2,85,000","35,000 kms",Petrol
131,Ford EcoSport Trend,Ford,2016,"8,30,000","24,330 kms",Diesel
132,Hyundai i20 Asta,Hyundai,2009,"2,10,000","65,480 kms",Petrol
133,Maruti Suzuki Swift,Maruti,2013,"3,40,000","41,000 kms",Petrol
134,Tata Indica V2,Tata,2006,"90,000","20,000 kms",Petrol
135,Maruti Suzuki Alto,Maruti,2018,Ask For Price,"28,028 kms",Petrol
136,Hindustan Motors Ambassador,Hindustan,2000,"70,000","2,00,000 kms",Diesel
137,Toyota Corolla Altis,Toyota,2010,"2,89,999","70,000 kms",Petrol
138,Toyota Corolla Altis,Toyota,2012,"3,49,999","59,000 kms",Petrol
139,Toyota Innova 2.5,Toyota,2012,"8,49,999","99,000 kms",Diesel
140,Volkswagen Jetta Highline,Volkswagen,2014,"7,49,999","46,000 kms",Diesel
141,Volkswagen Polo Comfortline,Volkswagen,2015,"3,99,999","2,800 kms",Petrol
142,Volkswagen Polo,Volkswagen,2014,"2,74,999","32,000 kms",Petrol
143,Mahindra Scorpio,Mahindra,2015,"9,84,999","22,000 kms",Diesel
144,Renault Duster,Renault,2014,"4,49,999","50,000 kms",Diesel
145,Honda Amaze,Honda,2015,"3,44,999","22,000 kms",Petrol
146,Nissan Sunny,Nissan,2012,"2,24,999","45,000 kms",Petrol
147,Hyundai Elite i20,Hyundai,2018,"5,99,999","21,000 kms",Petrol
148,Renault Kwid,Renault,2016,"2,44,999","11,000 kms",Petrol
149,Renault Duster,Renault,2013,"3,99,999","41,000 kms",Diesel
150,Ford EcoSport,Ford,2017,"4,89,999","39,000 kms",Petrol
151,Renault Duster,Renault,2014,"4,74,999","50,000 kms",Diesel
152,Mahindra Scorpio VLX,Mahindra,2011,"4,99,999","66,000 kms",Diesel
153,Maruti Suzuki Alto,Maruti,2018,"3,10,000","3,000 kms",Petrol
154,Chevrolet Spark LT,Chevrolet,2010,"85,000","45,000 kms",Petrol
155,Datsun Redi GO,Datsun,2016,"2,45,000","7,000 kms",Petrol
156,Maruti Suzuki Swift,Maruti,2010,"1,89,500","38,500 kms",Diesel
157,Fiat Punto Emotion,Fiat,2012,"1,69,500","37,200 kms",Diesel
158,Maruti Suzuki Swift,Maruti,2010,"1,59,500","43,200 kms",Diesel
159,Toyota Etios GD,Toyota,2013,"2,75,000","24,800 kms",Petrol
160,Hyundai i20 Sportz,Hyundai,2014,"3,70,000","60,000 kms",Diesel
161,Hyundai i10 Sportz,Hyundai,2010,"1,68,000","45,872 kms",Petrol
162,Chevrolet Beat LT,Chevrolet,2011,"1,50,000","40,000 kms",Diesel
163,Chevrolet Beat LS,Chevrolet,2011,"1,45,000","45,000 kms",Diesel
164,Chevrolet Beat LT,Chevrolet,2012,"98,500","38,000 kms",Diesel
165,Mahindra Scorpio VLX,Mahindra,2014,"6,99,000","50,000 kms",Diesel
166,Tata Indigo CS,Tata,2011,"85,000","11,400 kms",Diesel
167,Toyota Corolla Altis,Toyota,2015,"5,75,000","42,000 kms",Petrol
168,Honda City 1.5,Honda,2014,"5,49,000","39,000 kms",Petrol
169,Maruti Suzuki Swift,Maruti,2011,"2,09,000","47,000 kms",Diesel
170,Hyundai Eon Era,Hyundai,2013,"1,85,000","27,000 kms",Petrol
171,Mahindra Scorpio S10,Mahindra,2015,"9,00,000","97,200 kms",Diesel
172,Mahindra XUV500,Mahindra,2014,"6,99,999","52,000 kms",Diesel
173,Honda Brio,Honda,2012,"2,24,999","30,000 kms",Petrol
174,Ford Fiesta,Ford,2011,"2,74,999","55,000 kms",Diesel
175,Honda Amaze,Honda,2013,"2,84,999","46,000 kms",Diesel
176,Honda City,Honda,2015,"5,99,999","30,000 kms",Diesel
177,Maruti Suzuki Wagon,Maruti,2012,"1,99,999","44,000 kms",Petrol
178,Honda City,Honda,2014,"5,44,999","45,000 kms",Diesel
179,Hyundai i20,Hyundai,2009,"1,99,000","31,000 kms",Petrol
180,Tata Indigo eCS,Tata,2016,"3,20,000","1,75,430 kms",Diesel
181,Hyundai Fluidic Verna,Hyundai,2015,"5,40,000","38,000 kms",Diesel
182,Mahindra Quanto C8,Mahindra,2013,"3,40,000","37,000 kms",Diesel
183,Fiat Petra ELX,Fiat,2008,"75,000","65,000 kms",Petrol
184,Skoda Fabia 1.2L,Skoda,2011,"1,59,500","38,200 kms",Diesel
185,Mini Cooper S,Mini,2013,"18,91,111","13,000 kms",Petrol
186,Hyundai Santro Xing,Hyundai,2005,"49,000","7,500 kms",Petrol
187,Maruti Suzuki Ciaz,Maruti,2016,"7,00,000","3,350 kms",Petrol
188,Maruti Suzuki Zen,Maruti,2000,"55,000","60,000 kms",Petrol
189,Honda City,Honda,2015,"4,48,999","54,000 kms",Petrol
190,Hyundai Creta 1.6,Hyundai,2017,"8,95,000","32,000 kms",Petrol
191,Mahindra Scorpio SLX,Mahindra,2007,"3,55,000","75,000 kms",Diesel
192,Mahindra Scorpio SLE,Mahindra,2012,"5,65,000","62,000 kms",Diesel
193,Toyota Innova 2.5,Toyota,2006,"3,65,000","73,000 kms",Diesel
194,Maruti Suzuki Alto,Maruti,2011,"1,45,000","41,000 kms",Petrol
195,Maruti Suzuki Wagon,Maruti,2011,"2,10,000","35,000 kms",Petrol
196,Tata Nano Cx,Tata,2013,"40,000","2,200 kms",Petrol
197,Maruti Suzuki Alto,Maruti,2013,"1,25,000","39,000 kms",Petrol
198,Maruti Suzuki Wagon,Maruti,2009,"1,35,000","45,000 kms",Petrol
199,Maruti Suzuki Swift,Maruti,2006,"1,35,000","45,000 kms",Petrol
200,Tata Sumo Victa,Tata,2012,"2,85,000","65,000 kms",Diesel
201,Maruti Suzuki Wagon,Maruti,2010,"1,45,000","54,870 kms",Petrol
202,Maruti Suzuki Alto,Maruti,2010,"1,35,000","34,580 kms",Petrol
203,Volkswagen Passat Diesel,Volkswagen,2009,"4,50,000","97,000 kms",Diesel
204,Renault Scala RxL,Renault,2015,"3,75,000","25,000 kms",Diesel
205,Mahindra Quanto C8,Mahindra,2013,"3,75,000","20,000 kms",Diesel
206,Hyundai Grand i10,Hyundai,2014,"3,65,000","20,000 kms",Petrol
207,Hyundai i20 Active,Hyundai,2015,"5,00,000","18,000 kms",Petrol
208,Mahindra Xylo E4,Mahindra,2012,"4,00,000","35,000 kms",Diesel
209,Mahindra Jeep MM,Mahindra,2019,"3,90,000",60 kms,Diesel
210,Renault Duster 110PS,Renault,2012,"5,01,000","35,000 kms",Diesel
211,Mahindra Bolero SLE,Mahindra,2013,"3,30,000","80,200 kms",Diesel
212,Force Motors Force,Force,2015,"5,80,000","3,200 kms",Diesel
213,Maruti Suzuki SX4,Maruti,2012,"2,65,000","46,000 kms",Diesel
214,Mahindra Jeep CL550,Mahindra,2019,"3,79,000","0,000 kms",Diesel
215,Maruti Suzuki Alto,Maruti,2015,"2,19,000","5,000 kms",Petrol
216,Mahindra Jeep CL550,Mahindra,2018,"3,85,000",588 kms,Diesel
217,Toyota Etios,Toyota,2011,"2,75,000","36,000 kms",Diesel
218,Volkswagen Polo,Volkswagen,2015,"3,30,000","38,000 kms",Diesel
219,Honda City ZX,Honda,2008,"1,10,000","45,000 kms",Petrol
220,Maruti Suzuki Wagon,Maruti,2006,"80,000","71,200 kms",Petrol
221,Honda City VX,Honda,2016,"5,19,000","52,000 kms",Diesel
222,Mahindra Thar CRDe,Mahindra,2016,"7,30,000","29,000 kms",Diesel
223,Mitsubishi Pajero Sport,Mitsubishi,2015,"14,75,000","47,000 kms",Diesel
224,Audi A4 1.8,Audi,2009,"6,99,000","47,000 kms",Petrol
225,Mercedes Benz GLA,Mercedes,2015,"20,00,000","20,000 kms",Diesel
226,Land Rover Freelander,Land,2015,"21,00,000","30,000 kms",Diesel
227,Renault Kwid RXT,Renault,2017,"3,40,000","5,000 kms",Petrol
228,Tata Aria Pleasure,Tata,2014,"3,90,000","35,000 kms",Diesel
229,Mercedes Benz B,Mercedes,2014,"14,00,000","31,000 kms",Petrol
230,Datsun GO T,Datsun,2016,"2,45,000","7,000 kms",Petrol
231,Tata Indigo eCS,Tata,2016,"3,20,000","1,75,430 kms",Diesel
232,Tata Indigo eCS,Tata,2016,"3,20,000","1,75,400 kms",Diesel
233,Honda Jazz VX,Honda,2016,"4,50,000","41,000 kms",Petrol
234,Honda Amaze 1.2,Honda,2014,"3,11,000","33,000 kms",Petrol
235,Honda Amaze,Honda,2013,"2,84,999","46,000 kms",Diesel
236,Honda City,Honda,2012,"3,99,999","45,000 kms",Petrol
237,Honda City,Honda,2015,"5,99,999","39,000 kms",Diesel
238,Honda Amaze,Honda,2015,"3,44,999","22,000 kms",Petrol
239,Audi A4 1.8,Audi,2009,"6,99,000","47,000 kms",Petrol
240,Force Motors Force,Force,2015,"5,80,000","3,200 kms",Diesel
241,Mahindra Scorpio S4,Mahindra,2015,"8,55,000","30,000 kms",Diesel
242,Hyundai i20 Active,Hyundai,2015,"5,35,000","37,000 kms",Diesel
243,Mini Cooper S,Mini,2013,"18,91,111","13,000 kms",Petrol
244,Maruti Suzuki Ciaz,Maruti,2017,"6,99,000","14,000 kms",Petrol
245,Chevrolet Tavera Neo,Chevrolet,2013,"3,75,000","55,000 kms",Diesel
246,Honda Amaze,Honda,2013,"2,84,999","46,000 kms",Diesel
247,Hyundai Eon Sportz,Hyundai,2012,"1,78,000","30,000 kms",Petrol
248,Tata Sumo Gold,Tata,2013,"3,00,000","50,000 kms",Diesel
249,Maruti Suzuki Wagon,Maruti,2003,"90,000","45,000 kms",Petrol
250,Maruti Suzuki Esteem,Maruti,2006,"95,000","45,000 kms",Petrol
251,Maruti Suzuki Eeco,Maruti,2015,"2,55,000","9,300 kms",Petrol
252,Chevrolet Enjoy 1.4,Chevrolet,2013,"2,45,000","55,000 kms",Diesel
253,Hyundai i20 Asta,Hyundai,2012,"3,29,500","36,200 kms",Diesel
254,Ford Figo Diesel,Ford,2014,"1,95,000","50,000 kms",Diesel
255,Maruti Suzuki Eeco,Maruti,2015,"2,51,111","55,000 kms",Petrol
256,Maruti Suzuki Ertiga,Maruti,2014,"5,69,999","45,000 kms",Petrol
257,Maruti Suzuki Esteem,Maruti,2007,"69,999","51,000 kms",Petrol
258,Maruti Suzuki Ritz,Maruti,2014,"2,99,999","19,000 kms",Petrol
259,Maruti Suzuki Dzire,Maruti,2009,"2,20,000","46,000 kms",Petrol
260,Maruti Suzuki Ritz,Maruti,2013,"3,99,999","33,000 kms",Diesel
261,Maruti Suzuki SX4,Maruti,2010,"2,49,999","36,000 kms",Petrol
262,Maruti Suzuki Wagon,Maruti,2015,"2,89,999","22,000 kms",Petrol
263,Mini Cooper S,Mini,2013,"18,91,111","13,500 kms",Petrol
264,Nissan Terrano XL,Nissan,2015,"4,99,999","60,000 kms",Diesel
265,Renault Duster 85,Renault,2013,"4,89,999","27,000 kms",Diesel
266,Renault Duster 85,Renault,2014,"4,89,999","59,000 kms",Diesel
267,Renault Duster 85,Renault,2015,"5,49,999","19,000 kms",Diesel
268,Maruti Suzuki Dzire,Maruti,2013,"3,80,000","30,000 kms",Petrol
269,Renault Kwid RXT,Renault,2018,"3,25,000","15,000 kms",Petrol
270,Maruti Suzuki Maruti,Maruti,2003,"57,000","56,758 kms",Petrol
271,Renault Kwid 1.0,Renault,2018,"3,49,999","10,000 kms",Petrol
272,Renault Lodgy 85,Renault,2018,"6,89,999","20,000 kms",Diesel
273,Renault Scala RxL,Renault,2014,"3,49,999","49,000 kms",Diesel
274,Hyundai Grand i10,Hyundai,2014,"4,10,000","41,000 kms",Petrol
275,Maruti Suzuki Swift,Maruti,2011,"2,25,000","45,000 kms",Petrol
276,Chevrolet Beat LS,Chevrolet,2010,"1,20,000","43,000 kms",Petrol
277,Tata Indigo eCS,Tata,2016,"3,20,000","1,75,430 kms",Diesel
278,Hyundai Santro Xing,Hyundai,2000,"59,000","56,450 kms",Petrol
279,Hyundai Fluidic Verna,Hyundai,2015,"5,40,000","38,000 kms",Diesel
280,Chevrolet Beat LS,Chevrolet,2010,"80,000","56,000 kms",Petrol
281,Mahindra Quanto C8,Mahindra,2013,"3,40,000","37,000 kms",Diesel
282,Fiat Petra ELX,Fiat,2008,"75,000","65,000 kms",Petrol
283,Chevrolet Beat LS,Chevrolet,2015,"2,20,000","32,700 kms",Petrol
284,Skoda Fabia 1.2L,Skoda,2011,"1,59,500","38,200 kms",Diesel
285,Ford EcoSport Titanium,Ford,2016,"5,99,000","30,000 kms",Diesel
286,Hyundai Accent GLX,Hyundai,2006,"80,000","56,000 kms",Petrol
287,Maruti Suzuki Swift,Maruti,2010,Ask For Price,"52,000 kms",Diesel
288,Mahindra TUV300 T4,Mahindra,2016,"6,75,000","9,000 kms",Diesel
289,Mini Cooper S,Mini,2013,"18,91,111","13,000 kms",Petrol
290,Mini Cooper S,Mini,2013,"18,91,111","13,000 kms",Petrol
291,Tata Indica V2,Tata,2008,"1,50,000","11,000 kms",Petrol
292,Mini Cooper S,Mini,2013,"18,91,111","13,000 kms",Petrol
293,Tata Indigo CS,Tata,2009,"72,500","46,000 kms",Diesel
294,Maruti Suzuki Swift,Maruti,2019,"6,10,000",73 kms,Petrol
295,Mahindra Scorpio VLX,Mahindra,2004,"2,30,000","1,60,000 kms",Diesel
296,Tata Indica eV2,Tata,2017,Ask For Price,"84,000 kms",Diesel
297,Honda Accord,Honda,2009,"1,75,000","58,559 kms",Petrol
298,Mahindra Scorpio S4,Mahindra,2015,"8,55,000","30,000 kms",Diesel
299,Chevrolet Tavera Neo,Chevrolet,2013,"3,75,000","55,000 kms",Diesel
300,Ford EcoSport Titanium,Ford,2014,"5,20,000","57,000 kms",Diesel
301,Maruti Suzuki Ertiga,Maruti,2015,"5,24,999","50,000 kms",Diesel
302,Honda Amaze,Honda,2014,"2,99,999","37,000 kms",Petrol
303,Maruti Suzuki Dzire,Maruti,2012,"2,99,999","40,000 kms",Petrol
304,Honda City,Honda,2011,"2,84,999","55,000 kms",Petrol
305,Mahindra Scorpio 2.6,Mahindra,2007,"2,20,000","1,70,000 kms",Diesel
306,Maruti Suzuki Dzire,Maruti,2014,"4,24,999","55,000 kms",Diesel
307,Honda City,Honda,2015,"6,44,999","39,000 kms",Petrol
308,Honda Mobilio,Honda,2014,"3,99,999","44,000 kms",Petrol
309,Toyota Corolla Altis,Toyota,2009,"1,99,999","65,000 kms",Petrol
310,Honda City,Honda,2014,"5,84,999","39,000 kms",Petrol
311,Skoda Laura,Skoda,2012,"3,49,999","44,000 kms",Diesel
312,Renault Duster,Renault,2015,"4,49,999","49,000 kms",Diesel
313,Maruti Suzuki Ertiga,Maruti,2018,"7,99,999","9,000 kms",Diesel
314,Maruti Suzuki Dzire,Maruti,2015,"4,44,999","45,000 kms",Diesel
315,Mahindra XUV500,Mahindra,2014,"6,49,999","47,000 kms",Diesel
316,Hyundai Verna Fluidic,Hyundai,2012,"4,44,999","40,000 kms",Diesel
317,Maruti Suzuki Vitara,Maruti,2016,"6,89,999","29,000 kms",Diesel
318,Maruti Suzuki Wagon,Maruti,2016,"3,44,999","15,000 kms",Petrol
319,Mahindra Scorpio,Mahindra,2015,"9,44,999","45,000 kms",Diesel
320,Honda Amaze,Honda,2014,"2,74,999","35,000 kms",Petrol
321,Mahindra XUV500,Mahindra,2013,"6,89,999","80,000 kms",Diesel
322,Mahindra Scorpio,Mahindra,2013,"5,74,999","68,000 kms",Diesel
323,Skoda Laura,Skoda,2013,"3,74,999","50,000 kms",Diesel
324,Volkswagen Polo,Volkswagen,2010,"1,99,999","60,000 kms",Diesel
325,Hyundai Elite i20,Hyundai,2016,"5,49,999","9,000 kms",Petrol
326,Tata Manza Aura,Tata,2012,"1,30,000","72,000 kms",Diesel
327,Chevrolet Sail UVA,Chevrolet,2013,"2,10,000","60,000 kms",Petrol
328,Renault Duster 110,Renault,2012,"5,01,000","38,000 kms",Diesel
329,Hyundai Verna Fluidic,Hyundai,2013,"4,01,000","45,000 kms",Diesel
330,Audi A4 2.0,Audi,2012,"13,50,000","40,000 kms",Diesel
331,Hyundai Elantra SX,Hyundai,2013,"6,00,000","20,000 kms",Petrol
332,Mahindra Scorpio VLX,Mahindra,2013,"6,10,000","35,000 kms",Diesel
333,Mahindra KUV100 K8,Mahindra,2016,"4,00,000","20,000 kms",Diesel
334,Renault Scala RxL,Renault,2015,"3,75,000","25,000 kms",Diesel
335,Mahindra Quanto C8,Mahindra,2013,"3,75,000","20,000 kms",Diesel
336,Hyundai Grand i10,Hyundai,2014,"3,65,000","20,000 kms",Petrol
337,Hyundai i20 Active,Hyundai,2015,"5,00,000","18,000 kms",Petrol
338,Mahindra Xylo E4,Mahindra,2012,"4,00,000","35,000 kms",Diesel
339,Hyundai Grand i10,Hyundai,2017,"5,24,999","6,821 kms",Petrol
340,Hyundai i20,Hyundai,2014,"4,49,999","23,000 kms",Petrol
341,Hyundai Eon,Hyundai,2014,"1,74,999","14,000 kms",Petrol
342,Hyundai i10,Hyundai,2012,"2,44,999","38,000 kms",Petrol
343,Hyundai i20 Active,Hyundai,2015,"5,74,999","35,000 kms",Diesel
344,Datsun Redi GO,Datsun,2017,"2,44,999","22,000 kms",Petrol
345,Toyota Etios Liva,Toyota,2011,"2,39,999","41,000 kms",Petrol
346,Hyundai Accent,Hyundai,2010,"99,999","45,000 kms",Petrol
347,Hyundai Verna,Hyundai,2014,"4,89,999","44,000 kms",Diesel
348,Maruti Suzuki Swift,Maruti,2013,"3,24,999","45,000 kms",Diesel
349,Toyota Fortuner,Toyota,2011,"10,74,999","52,000 kms",Diesel
350,Hyundai i10 Sportz,Hyundai,2012,"2,30,000","34,000 kms",Petrol
351,Mahindra Bolero Power,Mahindra,2018,"6,99,000","1,800 kms",Diesel
352,Mahindra XUV500,Mahindra,2015,"10,00,000","15,000 kms",Diesel
353,Honda City 1.5,Honda,2010,"2,40,000","4,00,000 kms",Petrol
354,Chevrolet Spark LT,Chevrolet,2009,"1,10,000","44,000 kms",Petrol
355,Mahindra Jeep MM,Mahindra,2019,"3,90,000",60 kms,Diesel
356,Renault Duster 110PS,Renault,2012,"5,01,000","35,000 kms",Diesel
357,Mahindra XUV500,Mahindra,2016,"11,30,000","72,000 kms",Diesel
358,Tata Indigo eCS,Tata,2014,"2,50,000","40,000 kms",Diesel
359,Mahindra Bolero SLE,Mahindra,2013,"3,30,000","80,200 kms",Diesel
360,Force Motors Force,Force,2015,"5,80,000","3,200 kms",Diesel
361,Skoda Rapid Elegance,Skoda,2013,"3,40,000","48,000 kms",Diesel
362,Tata Vista Quadrajet,Tata,2011,"1,20,000","90,000 kms",Diesel
363,Maruti Suzuki Alto,Maruti,2015,"2,65,000","12,000 kms",Petrol
364,Maruti Suzuki SX4,Maruti,2012,"2,65,000","46,000 kms",Diesel
365,Maruti Suzuki Zen,Maruti,2003,"85,000","69,900 kms",Petrol
366,Mahindra Jeep CL550,Mahindra,2019,"3,79,000","0,000 kms",Diesel
367,Hyundai i10 Magna,Hyundai,2011,"1,75,000","45,000 kms",Petrol
368,Maruti Suzuki Alto,Maruti,2015,"2,19,000","5,000 kms",Petrol
369,Maruti Suzuki Swift,Maruti,2016,"3,50,000","1,66,000 kms",Diesel
370,Honda City ZX,Honda,2008,"1,49,000","42,000 kms",Petrol
371,Mahindra Jeep CL550,Mahindra,2018,"3,85,000",588 kms,Diesel
372,Mahindra Jeep MM,Mahindra,2006,"4,25,000",122 kms,Diesel
373,Chevrolet Beat Diesel,Chevrolet,2017,"1,50,000","62,000 kms",Diesel
374,Honda City 1.5,Honda,2010,"2,25,000","70,000 kms",Petrol
375,Hyundai Verna 1.4,Hyundai,2014,"3,75,000","36,000 kms",Petrol
376,Toyota Innova 2.5,Toyota,2012,"7,70,000",0 kms,Diesel
377,Maruti Suzuki Alto,Maruti,2018,Ask For Price,"24,000 kms",Petrol
378,Maruti Suzuki Maruti,Maruti,1995,"30,000","55,000 kms",Petrol
379,Toyota Etios,Toyota,2011,"2,75,000","36,000 kms",Diesel
380,Volkswagen Polo,Volkswagen,2015,"3,30,000","38,000 kms",Diesel
381,Maruti Suzuki Swift,Maruti,2014,"3,35,000","55,000 kms",Diesel
382,Hyundai Elite i20,Hyundai,2015,"4,50,000","20,000 kms",Diesel
383,Maruti Suzuki Swift,Maruti,2012,"2,25,000","40,000 kms",Petrol
384,Maruti Suzuki Versa,Maruti,2004,"80,000","50,000 kms",Petrol
385,Tata Indigo LX,Tata,2016,"1,30,000","1,04,000 kms",Diesel
386,Volkswagen Vento Konekt,Volkswagen,2011,"2,45,000","65,000 kms",Diesel
387,Mercedes Benz C,Mercedes,2002,"3,99,000","41,000 kms",Petrol
388,Maruti Suzuki Ertiga,Maruti,2013,"4,50,000","90,000 kms",Diesel
389,Honda City,Honda,2000,"65,000","80,000 kms",Petrol
390,Hyundai Santro Xing,Hyundai,2006,"75,000","46,000 kms",Petrol
391,Maruti Suzuki Omni,Maruti,2001,"70,000","70,000 kms",Petrol
392,Hyundai Sonata Transform,Hyundai,2017,"1,90,000","36,469 kms",Diesel
393,Hyundai Elite i20,Hyundai,2018,"6,00,000","7,800 kms",Petrol
394,Volkswagen Vento Konekt,Volkswagen,2011,"2,45,000","65,000 kms",Diesel
395,Maruti Suzuki Alto,Maruti,2017,"2,40,000","60,000 kms",Petrol
396,Maruti Suzuki Alto,Maruti,2011,"1,55,000","32,000 kms",Petrol
397,Honda Jazz S,Honda,2009,"1,69,999","24,695 kms",Petrol
398,Hyundai Grand i10,Hyundai,2017,"4,50,000","15,141 kms",Petrol
399,Maruti Suzuki Zen,Maruti,2001,"40,000","40,000 kms",Petrol
400,Mahindra Scorpio W,Mahindra,2012,"1,65,000","65,000 kms",Diesel
401,Maruti Suzuki Alto,Maruti,2014,"2,70,000","22,000 kms",Petrol
402,Hyundai Grand i10,Hyundai,2016,"2,80,000","59,910 kms",Diesel
403,Mahindra XUV500 W8,Mahindra,2012,"5,60,000","1,00,000 kms",Diesel
404,Hyundai Creta 1.6,Hyundai,2016,"9,50,000","25,000 kms",Petrol
405,Hyundai i20 Magna,Hyundai,2013,"3,10,000","35,000 kms",Petrol
406,Renault Duster 85,Renault,2015,"7,15,000","65,000 kms",Diesel
407,Hyundai Grand i10,Hyundai,2014,"3,40,000","35,000 kms",Petrol
408,Honda Brio V,Honda,2012,"2,35,000","33,000 kms",Petrol
409,Mahindra TUV300 T4,Mahindra,2017,"6,10,000","68,000 kms",Diesel
410,Chevrolet Spark LS,Chevrolet,2010,"95,000","23,000 kms",Petrol
411,Mahindra TUV300 T8,Mahindra,2018,"10,00,000","4,500 kms",Diesel
412,Maruti Suzuki Swift,Maruti,2015,"2,20,000","1,29,000 kms",Diesel
413,Nissan X Trail,Nissan,2019,"12,00,000",300 kms,Diesel
414,Maruti Suzuki Alto,Maruti,2015,"2,30,000","5,000 kms",Petrol
415,Ford Ikon 1.3,Ford,2001,"45,000","65,000 kms",Petrol
416,Toyota Fortuner 3.0,Toyota,2010,"9,40,000","1,31,000 kms",Diesel
417,Tata Manza ELAN,Tata,2010,"1,55,555","1,11,111 kms",Petrol
418,Mercedes Benz A,Mercedes,2013,"15,00,000","14,000 kms",Petrol
419,Chevrolet Beat LS,Chevrolet,2016,"2,10,000","22,000 kms",Diesel
420,Ford EcoSport Trend,Ford,2013,"4,95,000","38,000 kms",Diesel
421,Tata Indigo LS,Tata,2016,"1,25,000","70,000 kms",Diesel
422,Hyundai i20 Magna,Hyundai,2010,"1,95,000","36,000 kms",Petrol
423,Volkswagen Vento Highline,Volkswagen,2015,"5,50,000","34,000 kms",Diesel
424,Renault Kwid RXT,Renault,2015,"2,70,000","43,000 kms",Petrol
425,Ford EcoSport Titanium,Ford,2014,"5,00,000","40,000 kms",Diesel
426,Honda Amaze 1.5,Honda,2016,"2,40,000","1,60,000 kms",Diesel
427,Hyundai Verna 1.6,Hyundai,2017,"8,00,000","12,000 kms",Petrol
428,BMW 5 Series,BMW,2011,"12,99,000","49,000 kms",Diesel
429,Skoda Superb 1.8,Skoda,2011,"5,30,000","68,000 kms",Petrol
430,Audi Q3 2.0,Audi,2013,"14,99,000","37,000 kms",Diesel
431,Mahindra Bolero DI,Mahindra,2012,"2,20,000","59,466 kms",Diesel
432,Maruti Suzuki Zen,Maruti,2011,Ask For Price,"16,000 kms",Petrol
433,Mahindra Scorpio S10,Mahindra,2015,"9,00,000","97,200 kms",Diesel
434,Ford Figo Duratorq,Ford,2012,"2,50,000","99,000 kms",Diesel
435,Maruti Suzuki Wagon,Maruti,2018,"3,95,000","25,500 kms",Petrol
436,Mahindra Logan Diesel,Mahindra,2009,"1,30,000","66,000 kms",Petrol
437,Tata Nano GenX,Tata,2010,"32,000","44,005 kms",Petrol
438,Mahindra TUV300 T4,Mahindra,2016,"5,40,000","35,000 kms",Diesel
439,Mahindra TUV300 T4,Mahindra,2016,"5,40,000","35,000 kms",Diesel
440,Hyundai Elite i20,Hyundai,2015,"4,05,000","28,000 kms",Petrol
441,Hyundai Elite i20,Hyundai,2015,"4,00,000","30,000 kms",Petrol
442,Honda City SV,Honda,2017,"7,60,000","4,000 kms",Petrol
443,Maruti Suzuki Baleno,Maruti,2016,"5,00,000","28,000 kms",Petrol
444,Ford Figo Petrol,Ford,2011,"1,75,000","75,000 kms",Petrol
445,Mahindra Scorpio S10,Mahindra,2015,"9,00,000","97,200 kms",Diesel
446,Honda City,Honda,2017,"7,50,000","3,000 kms",Petrol
447,Hyundai Elite i20,Hyundai,2015,"4,19,000","20,000 kms",Petrol
448,Maruti Suzuki Versa,Maruti,2004,"90,000","50,000 kms",Petrol
449,Hyundai Eon Era,Hyundai,2018,"1,40,000","2,110 kms",Petrol
450,Mitsubishi Pajero Sport,Mitsubishi,2015,"15,40,000","43,222 kms",Petrol
451,Hyundai i10 Magna,Hyundai,2008,"2,75,000","1,00,200 kms",Petrol
452,Toyota Corolla H2,Toyota,2003,"1,50,000","1,00,000 kms",Petrol
453,Maruti Suzuki Swift,Maruti,2011,"2,30,000",65 kms,Petrol
454,Tata Indigo CS,Tata,2015,"1,23,000","1,00,000 kms",Diesel
455,Mahindra Scorpio S10,Mahindra,2015,"9,00,000","97,200 kms",Diesel
456,Mahindra Scorpio S10,Mahindra,2015,"9,00,000","97,200 kms",Diesel
457,Hyundai Xcent Base,Hyundai,2016,"3,00,000","1,40,000 kms",Diesel
458,Honda City,Honda,2015,"4,99,999","55,000 kms",Petrol
459,Hyundai Accent Executive,Hyundai,2009,"1,65,000","48,000 kms",Petrol
460,Maruti Suzuki Baleno,Maruti,2016,"4,98,000","22,000 kms",Petrol
461,Tata Zest XE,Tata,2018,"4,80,000","1,03,553 kms",Diesel
462,Maruti Suzuki Dzire,Maruti,2017,"4,88,000","80,000 kms",Diesel
463,Tata Sumo Gold,Tata,2014,"2,50,000","99,000 kms",Diesel
464,Toyota Corolla Altis,Toyota,2010,"2,20,000","58,000 kms",Petrol
465,Maruti Suzuki Eeco,Maruti,2013,"2,90,000","70,000 kms",LPG
466,Toyota Fortuner 3.0,Toyota,2015,"15,25,000","1,20,000 kms",Diesel
467,Mahindra XUV500 W6,Mahindra,2013,"5,48,900","49,800 kms",Diesel
468,Tata Tigor Revotron,Tata,2019,"6,50,000",100 kms,Diesel
469,Maruti Suzuki 800,Maruti,2001,"55,000","81,876 kms",Petrol
470,Maruti Suzuki Ertiga,Maruti,2015,"5,50,000","75,000 kms",Petrol
471,Maruti Suzuki Versa,Maruti,2004,"90,000","50,000 kms",Petrol
472,Honda Mobilio S,Honda,2014,"3,99,000","44,000 kms",Diesel
473,Maruti Suzuki Ertiga,Maruti,2016,"7,30,000","55,000 kms",Diesel
474,Maruti Suzuki Vitara,Maruti,2017,"7,25,000","36,000 kms",Diesel
475,Hyundai Verna 1.6,Hyundai,2016,"1,95,000","56,000 kms",Diesel
476,Maruti Suzuki Swift,Maruti,2007,"1,30,000","62,000 kms",Petrol
477,Toyota Fortuner 3.0,Toyota,2015,"15,25,000","1,20,000 kms",Diesel
478,Maruti Suzuki Omni,Maruti,2014,"1,90,000","6,020 kms",Petrol
479,Honda Amaze,Honda,2013,"2,50,000","55,700 kms",Diesel
480,Tata Indica,Tata,2005,"80,000","42,000 kms",Petrol
481,Hyundai Santro Xing,Hyundai,2003,"1,20,000","50,000 kms",Petrol
482,Maruti Suzuki Zen,Maruti,2010,"1,49,000","35,000 kms",Petrol
483,Maruti Suzuki Wagon,Maruti,2014,"2,50,000","18,500 kms",Petrol
484,Maruti Suzuki Wagon,Maruti,2007,"1,20,000","7,000 kms",Petrol
485,Honda Brio VX,Honda,2017,"4,50,000","11,000 kms",Petrol
486,Hyundai Xcent Base,Hyundai,2015,Ask For Price,"1,80,000 kms",Diesel
487,Maruti Suzuki Zen,Maruti,2003,"99,999","53,000 kms",Petrol
488,Maruti Suzuki Zen,Maruti,2008,"1,35,000","23,000 kms",Petrol
489,Maruti Suzuki Wagon,Maruti,2016,"2,25,000","35,500 kms",Diesel
490,Maruti Suzuki Alto,Maruti,2010,"99,000","22,134 kms",Petrol
491,Renault Kwid RXT,Renault,2019,"3,70,000","1,000 kms",Petrol
492,Tata Nano Lx,Tata,2010,"52,000","9,000 kms",Petrol
493,Jaguar XE XE,Jaguar,2016,"28,00,000","8,500 kms",Petrol
494,Hyundai Xcent S,Hyundai,2015,Ask For Price,"35,000 kms",Petrol
495,Hyundai Eon Magna,Hyundai,2014,"1,90,000","35,000 kms",Petrol
496,Honda City 1.5,Honda,2014,"4,99,000","22,000 kms",Petrol
497,Hindustan Motors Ambassador,Hindustan,2002,"90,000","25,000 kms",Diesel
498,Maruti Suzuki Ritz,Maruti,2010,"1,49,000","40,000 kms",Petrol
499,Hyundai Grand i10,Hyundai,2017,"4,00,000","20,000 kms",Petrol
500,Hyundai Eon D,Hyundai,2016,"1,20,000","87,000 kms",Petrol
501,Maruti Suzuki Swift,Maruti,2015,"2,50,000","55,000 kms",Petrol
502,Maruti Suzuki Wagon,Maruti,2017,"3,75,000","23,000 kms",Petrol
503,Honda Amaze 1.2,Honda,2014,"3,81,000","6,000 kms",Petrol
504,Maruti Suzuki Estilo,Maruti,2013,"1,80,000","65,000 kms",Petrol
505,Maruti Suzuki Vitara,Maruti,2016,"5,80,000","25,000 kms",Diesel
506,Maruti Suzuki Eeco,Maruti,2015,"2,78,000","39,000 kms",Petrol
507,Toyota Innova 2.0,Toyota,2009,Ask For Price,"15,574 kms",Diesel
508,Hyundai Creta 1.6,Hyundai,2016,"10,00,000","8,000 kms",Petrol
509,Mahindra Scorpio Vlx,Mahindra,2013,"6,90,000","75,000 kms",Diesel
510,Maruti Suzuki Ertiga,Maruti,2012,"4,80,000","51,000 kms",Diesel
511,Mitsubishi Lancer 1.8,Mitsubishi,2006,"85,000","50,000 kms",Petrol
512,Maruti Suzuki Maruti,Maruti,2001,"40,000","75,000 kms",Petrol
513,Maruti Suzuki Alto,Maruti,2015,"90,000","55,800 kms",Petrol
514,Hyundai Grand i10,Hyundai,2015,"3,40,000","53,000 kms",Petrol
515,Hyundai Eon D,Hyundai,2018,"2,60,000","25,000 kms",Petrol
516,Ford Fiesta SXi,Ford,2009,"2,50,000","56,400 kms",Petrol
517,Maruti Suzuki Ritz,Maruti,2010,"1,80,000","72,160 kms",Diesel
518,Hyundai Verna Fluidic,Hyundai,2012,"3,50,000","10,000 kms",Diesel
519,Maruti Suzuki Wagon,Maruti,2006,"90,001","48,000 kms",Petrol
520,Maruti Suzuki Estilo,Maruti,2007,"1,15,000","36,000 kms",Petrol
521,Audi A6 2.0,Audi,2012,"15,99,000","11,500 kms",Diesel
522,Maruti Suzuki Wagon,Maruti,2003,"1,30,000","1,33,000 kms",Petrol
523,Maruti Suzuki Wagon,Maruti,2009,"1,59,000","27,000 kms",Petrol
524,Maruti Suzuki Wagon,Maruti,2009,"1,60,000","35,000 kms",Petrol
525,Maruti Suzuki Alto,Maruti,2010,"1,10,000","55,000 kms",Petrol
526,Maruti Suzuki Baleno,Maruti,2016,"4,25,000","40,000 kms",Petrol
527,Hyundai Verna 1.6,Hyundai,2019,"9,00,000","2,000 kms",Petrol
528,Maruti Suzuki Swift,Maruti,2009,"1,50,000","45,000 kms",Petrol
529,Hyundai Getz Prime,Hyundai,2009,"1,10,000","20,000 kms",Petrol
530,Hyundai Santro,Hyundai,2000,"51,999","88,000 kms",Petrol
531,Hyundai Getz Prime,Hyundai,2009,"1,15,000","20,000 kms",Petrol
532,Chevrolet Beat PS,Chevrolet,2012,"2,15,000","65,422 kms",Diesel
533,Ford EcoSport Trend,Ford,2017,"5,80,000","10,000 kms",Petrol
534,Maruti Suzuki Dzire,Maruti,2013,"3,80,000","35,000 kms",Petrol
535,Hyundai Fluidic Verna,Hyundai,2013,"3,50,000","1,17,000 kms",Diesel
536,Tata Indica V2,Tata,2005,"35,000","1,50,000 kms",Diesel
537,BMW X1 xDrive20d,BMW,2011,"11,50,000","72,000 kms",Diesel
538,Hyundai i20 Asta,Hyundai,2010,"3,00,000","10,750 kms",Petrol
539,Honda City 1.5,Honda,2009,"2,69,000","55,000 kms",Petrol
540,Tata Nano,Tata,2013,"60,000","6,800 kms",Petrol
541,Chevrolet Cruze LTZ,Chevrolet,2014,"4,00,000","41,000 kms",Diesel
542,Hyundai Verna Fluidic,Hyundai,2015,"4,30,000","73,000 kms",Diesel
543,Maruti Suzuki Swift,Maruti,2011,"1,40,000","65,000 kms",Diesel
544,Mahindra XUV500 W6,Mahindra,2014,"85,00,003","45,000 kms",Diesel
545,Mahindra XUV500 W10,Mahindra,2018,"12,99,000","40,000 kms",Diesel
546,Maruti Suzuki Alto,Maruti,2014,"1,99,000","37,000 kms",Petrol
547,Hyundai Accent GLE,Hyundai,2006,"90,000","55,000 kms",Petrol
548,Force Motors One,Force,2013,"5,50,000","1,40,000 kms",Diesel
549,Datsun Go Plus,Datsun,2016,Ask For Price,5 kms,Petrol
550,Maruti Suzuki Alto,Maruti,2019,"2,65,000","9,800 kms",Petrol
551,Chevrolet Spark 1.0,Chevrolet,2011,"1,00,000","27,000 kms",Petrol
552,Hyundai i10,Hyundai,2009,"2,15,000","27,000 kms",Petrol
553,Toyota Etios Liva,Toyota,2012,"3,80,000","20,000 kms",Diesel
554,Renault Duster 85PS,Renault,2013,"4,01,919","57,923 kms",Diesel
555,Chevrolet Enjoy,Chevrolet,2014,"4,90,000","30,201 kms",Diesel
556,Maruti Suzuki Alto,Maruti,2017,"2,80,000","6,200 kms",Petrol
557,BMW 5 Series,BMW,2009,"6,50,000","37,518 kms",Petrol
558,Toyota Etios Liva,Toyota,2014,"1,60,000","24,652 kms",Petrol
559,Mahindra Jeep MM,Mahindra,2004,"4,24,000",383 kms,Diesel
560,Chevrolet Beat LS,Chevrolet,2016,"2,25,000","95,000 kms",Diesel
561,Chevrolet Cruze LTZ,Chevrolet,2011,"3,50,000","35,000 kms",Diesel
562,Jeep Wrangler Unlimited,Jeep,2015,"9,50,000","3,528 kms",Diesel
563,Maruti Suzuki Ertiga,Maruti,2013,"4,85,000","52,500 kms",Diesel
564,Hyundai Verna VGT,Hyundai,2010,"2,05,000","47,900 kms",Diesel
565,Maruti Suzuki Omni,Maruti,2012,"1,60,000","14,000 kms",Petrol
566,Maruti Suzuki Celerio,Maruti,2018,"3,10,000","37,000 kms",Petrol
567,Tata Zest Quadrajet,Tata,2017,"1,80,000","90,000 kms",Diesel
568,Mahindra XUV500 W6,Mahindra,2013,"5,49,900","52,800 kms",Diesel
569,Tata Indigo CS,Tata,2016,"1,50,000","1,04,000 kms",Diesel
570,Hyundai i10 Era,Hyundai,2011,"1,75,000","30,000 kms",Petrol
571,Tata Indigo eCS,Tata,2014,"95,000","1,95,000 kms",Diesel
572,Tata Indigo LX,Tata,2016,"2,30,000","1,04,000 kms",Diesel
573,Tata Indigo eCS,Tata,2016,"2,30,000","1,04,000 kms",Diesel
574,Tata Indigo Marina,Tata,2004,"1,80,000","70,000 kms",Diesel
575,Hyundai Xcent SX,Hyundai,2015,"4,00,000","43,000 kms",Diesel
576,Hyundai Eon Magna,Hyundai,2013,"1,85,000","23,000 kms",Petrol
577,Renault Duster 85,Renault,2015,"3,85,000","51,000 kms",Diesel
578,Maruti Suzuki Alto,Maruti,2009,"90,000","62,000 kms",Petrol
579,Tata Nano LX,Tata,2010,"32,000","48,008 kms",Petrol
580,Renault Duster 110,Renault,2013,"4,35,000","39,000 kms",Diesel
581,Maruti Suzuki Wagon,Maruti,2010,"2,25,000","40,000 kms",Petrol
582,Maruti Suzuki Swift,Maruti,2006,"1,89,700","48,247 kms",Petrol
583,Maruti Suzuki Ertiga,Maruti,2012,"3,89,700","39,000 kms",Diesel
584,Maruti Suzuki Swift,Maruti,2014,"3,65,000","23,000 kms",Petrol
585,Maruti Suzuki Alto,Maruti,2017,"3,60,000","9,400 kms",Petrol
586,Hyundai i20 Magna,Hyundai,2010,"2,10,000","50,000 kms",Petrol
587,Hyundai i10 Magna,Hyundai,2009,"1,70,000","75,000 kms",Petrol
588,Tata Zest XE,Tata,2017,"3,80,000","70,000 kms",Diesel
589,Mahindra Xylo E8,Mahindra,2009,"2,95,000","64,000 kms",Diesel
590,Toyota Corolla Altis,Toyota,2010,"1,85,000","55,000 kms",Petrol
591,Tata Manza Aqua,Tata,2014,"1,60,000","2,00,000 kms",Diesel
592,Mahindra KUV100 K8,Mahindra,2018,Ask For Price,"7,500 kms",Diesel
593,Renault Kwid 1.0,Renault,2018,"2,90,000","2,137 kms",Petrol
594,Tata Venture EX,Tata,2013,"1,00,000","30,000 kms",Diesel
595,Maruti Suzuki Swift,Maruti,2014,"3,15,000","44,000 kms",Petrol
596,Maruti Suzuki Alto,Maruti,2002,Ask For Price,"56,000 kms",Petrol
597,Skoda Octavia Classic,Skoda,2006,"1,14,990","65,000 kms",Diesel
598,Maruti Suzuki Omni,Maruti,2012,"1,20,000","1,60,000 kms",LPG
599,Chevrolet Beat Diesel,Chevrolet,2011,"1,25,000","56,000 kms",Diesel
600,Tata Sumo Gold,Tata,2012,"2,10,000","75,000 kms",Diesel
601,Hyundai Verna 1.6,Hyundai,2018,"8,55,000","42,000 kms",Diesel
602,Tata Sumo Gold,Tata,2012,"2,10,000","75,000 kms",Diesel
603,Mahindra Scorpio 2.6,Mahindra,2007,"2,60,000","56,000 kms",Diesel
604,Maruti Suzuki Zen,Maruti,2002,"95,000","10,544 kms",Petrol
605,Maruti Suzuki Swift,Maruti,2011,"2,55,000","64,000 kms",Petrol
606,Mahindra Scorpio SLX,Mahindra,2008,"3,00,000","70,000 kms",Diesel
607,Hyundai Grand i10,Hyundai,2014,"3,40,000","25,000 kms",Petrol
608,Hyundai Elite i20,Hyundai,2017,"5,50,000","15,000 kms",Petrol
609,Ford Ikon 1.6,Ford,2003,"60,000","50,000 kms",Petrol
610,Hyundai Elite i20,Hyundai,2015,Ask For Price,"49,500 kms",Petrol
611,Toyota Innova 2.5,Toyota,2011,"7,50,000","1,47,000 kms",Diesel
612,Nissan Sunny XL,Nissan,2011,"2,30,000","52,000 kms",Petrol
613,Chevrolet Beat LT,Chevrolet,2012,"1,30,000","90,001 kms",Diesel
614,Maruti Suzuki Alto,Maruti,2017,"2,70,000","21,000 kms",Petrol
615,Maruti Suzuki Swift,Maruti,2012,"2,80,000","48,006 kms",Diesel
616,Maruti Suzuki Swift,Maruti,2012,"2,80,000","48,006 kms",Diesel
617,Maruti Suzuki Swift,Maruti,2012,"2,80,000","48,006 kms",Diesel
618,Toyota Innova 2.0,Toyota,2012,"6,00,000","80,000 kms",Diesel
619,Maruti Suzuki Swift,Maruti,2010,"1,90,000","74,000 kms",Diesel
620,Hyundai Elite i20,Hyundai,2015,"5,00,000","22,000 kms",Petrol
621,Mahindra XUV500 W10,Mahindra,2016,"10,65,000","41,000 kms",Diesel
622,Volkswagen Polo Trendline,Volkswagen,2015,"3,50,000","25,000 kms",Diesel
623,Toyota Etios Liva,Toyota,2012,"3,50,000","85,000 kms",Diesel
624,Mahindra TUV300 T4,Mahindra,2016,"5,40,000","29,500 kms",Diesel
625,Hyundai Elite i20,Hyundai,2015,"4,70,000","30,000 kms",Petrol
626,Hyundai Santro Xing,Hyundai,2014,"1,79,000","57,000 kms",Petrol
627,Maruti Suzuki Zen,Maruti,2003,"48,000","60,000 kms",Petrol
628,Maruti Suzuki Ciaz,Maruti,2016,"6,50,000","50,000 kms",Petrol
629,Hyundai Eon Era,Hyundai,2013,"1,90,000","39,700 kms",Petrol
630,Hyundai Elantra 1.8,Hyundai,2012,"5,00,000","65,000 kms",Petrol
631,Maruti Suzuki Swift,Maruti,2010,"2,70,000","67,000 kms",Diesel
632,Maruti Suzuki Zen,Maruti,2008,"1,25,000","46,000 kms",Petrol
633,Hyundai Eon Era,Hyundai,2012,"1,88,000","38,000 kms",Petrol
634,Hyundai Grand i10,Hyundai,2016,"3,80,000","27,000 kms",Petrol
635,Hyundai Verna Fluidic,Hyundai,2011,"3,65,000","43,000 kms",Diesel
636,Ford EcoSport Trend,Ford,2014,"4,65,000","47,000 kms",Petrol
637,Hyundai i20 Magna,Hyundai,2011,"2,40,000","42,000 kms",Petrol
638,Chevrolet Beat Diesel,Chevrolet,2016,"1,79,999","19,336 kms",Diesel
639,Tata Indica eV2,Tata,2015,"1,40,000","60,105 kms",Diesel
640,Jaguar XF 2.2,Jaguar,2013,"21,90,000","29,000 kms",Diesel
641,Audi Q5 2.0,Audi,2014,"23,90,000","34,000 kms",Diesel
642,BMW 3 Series,BMW,2011,"10,75,000","35,000 kms",Diesel
643,Maruti Suzuki Swift,Maruti,2015,"4,75,000","22,000 kms",Petrol
644,BMW X1 sDrive20d,BMW,2012,"10,25,000","41,000 kms",Diesel
645,Maruti Suzuki S,Maruti,2016,"6,15,000","21,000 kms",Diesel
646,Maruti Suzuki Ertiga,Maruti,2013,"4,75,000","48,000 kms",Diesel
647,Maruti Suzuki Alto,Maruti,2016,"2,70,000","38,000 kms",Petrol
648,Honda City SV,Honda,2014,"4,75,000","34,000 kms",Diesel
649,Volkswagen Vento Comfortline,Volkswagen,2011,"2,40,000","45,933 kms",Petrol
650,Honda City 1.5,Honda,2005,"1,20,000","68,000 kms",Petrol
651,Audi A4 2.0,Audi,2016,"19,00,000","44,000 kms",Diesel
652,Mahindra KUV100,Mahindra,2017,"3,60,000","35,000 kms",Diesel
653,Tata Zest XE,Tata,2018,"4,50,000","1,02,563 kms",Diesel
654,Mahindra XUV500 W8,Mahindra,2015,"9,00,000","28,600 kms",Diesel
655,Maruti Suzuki Swift,Maruti,2017,"6,50,000","41,800 kms",Diesel
656,Tata Sumo Gold,Tata,2014,"2,75,000","1,16,000 kms",Diesel
657,Maruti Suzuki Swift,Maruti,2009,"2,10,000","59,000 kms",Petrol
658,Mahindra Scorpio 2.6,Mahindra,2004,"1,75,000","58,000 kms",Diesel
659,Maruti Suzuki Omni,Maruti,2009,"85,000","45,000 kms",Petrol
660,Mitsubishi Pajero Sport,Mitsubishi,2015,"14,90,000","42,590 kms",Diesel
661,Renault Duster,Renault,2014,"8,00,000","7,400 kms",Diesel
662,Volkswagen Jetta Comfortline,Volkswagen,2009,"4,50,000","54,500 kms",Diesel
663,Maruti Suzuki Ertiga,Maruti,2012,"10,00,000","2,00,000 kms",Diesel
664,Audi A4 2.0,Audi,2013,"15,10,000","27,000 kms",Diesel
665,Volvo S80 Summum,Volvo,2015,"18,50,000","42,000 kms",Diesel
666,Toyota Corolla Altis,Toyota,2014,"7,90,000","29,000 kms",Petrol
667,Mitsubishi Pajero Sport,Mitsubishi,2015,"17,25,000","37,000 kms",Diesel
668,Chevrolet Beat LT,Chevrolet,2012,"1,35,000","36,000 kms",Petrol
669,BMW X1,BMW,2011,"10,00,000","34,000 kms",Diesel
670,Datsun Redi GO,Datsun,2018,"2,99,999","7,000 kms",Petrol
671,Mercedes Benz C,Mercedes,2009,"12,25,000","76,000 kms",Diesel
672,Mahindra Scorpio SLX,Mahindra,2004,"1,75,000","60,000 kms",Diesel
673,Volkswagen Vento Comfortline,Volkswagen,2011,"2,00,000","95,000 kms",Diesel
674,Tata Indigo CS,Tata,2017,"2,70,000","50,000 kms",Diesel
675,Ford Figo Petrol,Ford,2019,"5,25,000",00 kms,Petrol
676,Honda City ZX,Honda,2006,"1,80,000","50,000 kms",Petrol
677,Maruti Suzuki Wagon,Maruti,2008,"1,40,000","68,000 kms",Petrol
678,Ford EcoSport Trend,Ford,2014,"4,00,000","16,000 kms",Petrol
679,Maruti Suzuki Swift,Maruti,2016,"4,99,000","51,000 kms",Diesel
680,Maruti Suzuki Omni,Maruti,2009,"85,000","56,000 kms",Petrol
681,Maruti Suzuki Zen,Maruti,2004,"70,000","1,00,000 kms",Petrol
682,Renault Duster RxL,Renault,2015,"5,50,000","36,000 kms",Petrol
683,Maruti Suzuki Swift,Maruti,2014,"3,70,000","11,523 kms",Petrol
684,Maruti Suzuki Baleno,Maruti,2018,"6,90,000","1,000 kms",Petrol
685,Honda WR V,Honda,2009,"2,50,000","60,000 kms",Petrol
686,Tata Indigo CS,Tata,2016,"1,10,000","85,000 kms",Diesel
687,Renault Duster 110,Renault,2013,"4,90,000","38,600 kms",Diesel
688,Mahindra Scorpio LX,Mahindra,2009,"3,20,000","95,500 kms",Diesel
689,Maruti Suzuki Zen,Maruti,2004,"68,000","56,000 kms",Petrol
690,Maruti Suzuki Wagon,Maruti,2014,"1,30,000","37,458 kms",Petrol
691,Maruti Suzuki SX4,Maruti,2016,"9,70,000","85,960 kms",Diesel
692,Audi A3 Cabriolet,Audi,2015,"31,00,000","12,516 kms",Petrol
693,Hyundai Eon D,Hyundai,2018,"2,80,000","35,000 kms",Petrol
694,Maruti Suzuki Zen,Maruti,2009,"1,25,000",00 kms,Petrol
695,Mahindra Scorpio SLX,Mahindra,2008,"2,85,000","80,000 kms",Diesel
696,Hyundai Santro AE,Hyundai,2011,"1,65,000","45,000 kms",Petrol
697,Maruti Suzuki Swift,Maruti,2009,"2,50,000","51,000 kms",Diesel
698,Mahindra Scorpio S4,Mahindra,2015,"8,65,000","30,000 kms",Diesel
699,Mahindra Xylo D2,Mahindra,2011,"3,90,000","48,000 kms",Diesel
700,Hyundai Santro,Hyundai,2003,"60,000","51,000 kms",Petrol
701,Chevrolet Beat LT,Chevrolet,2015,"2,15,000","90,000 kms",Diesel
702,Maruti Suzuki Swift,Maruti,2015,"4,75,000","43,000 kms",Diesel
703,Mahindra XUV500 W8,Mahindra,2015,"8,99,000","53,000 kms",Diesel
704,Toyota Fortuner 3.0,Toyota,2013,"14,99,000","97,000 kms",Diesel
705,Maruti Suzuki Alto,Maruti,2013,"2,40,000","20,000 kms",Petrol
706,Hyundai Getz GLE,Hyundai,2007,"99,000","55,000 kms",Petrol
707,Maruti Suzuki Swift,Maruti,2014,"2,60,000","1,20,000 kms",Diesel
708,Hyundai Creta 1.6,Hyundai,2019,"12,00,000",0 kms,Petrol
709,Hyundai Santro Xing,Hyundai,2007,"1,15,000","46,000 kms",Petrol
710,Hyundai Santro Xing,Hyundai,2009,"88,000","43,200 kms",Petrol
711,Mahindra Xylo D2,Mahindra,2011,"3,90,000","56,000 kms",Diesel
712,Hyundai Santro Xing,Hyundai,2007,"1,35,000","42,000 kms",Petrol
713,Tata Indica V2,Tata,2009,"90,000","30,600 kms",Diesel
714,Hyundai i10 Sportz,Hyundai,2011,"2,20,000","38,000 kms",Petrol
715,Hyundai Grand i10,Hyundai,2017,"4,24,999","2,550 kms",Petrol
716,Hyundai Santro Xing,Hyundai,2007,"1,35,000","47,000 kms",Petrol
717,Honda City 1.5,Honda,2005,"95,000","41,000 kms",Petrol
718,Nissan Micra XL,Nissan,2017,"4,30,000","62,500 kms",Diesel
719,Honda City 1.5,Honda,2005,"1,15,000","68,000 kms",Petrol
720,Maruti Suzuki Alto,Maruti,2015,"2,15,000","50,000 kms",Petrol
721,Maruti Suzuki Wagon,Maruti,2004,"53,000","69,000 kms",Petrol
722,Maruti Suzuki Ertiga,Maruti,2012,"5,00,000","48,000 kms",Diesel
723,Tata Indica eV2,Tata,2012,"85,000","55,000 kms",Diesel
724,Maruti Suzuki Omni,Maruti,2013,"1,65,000","25,000 kms",Petrol
725,Hyundai Eon Era,Hyundai,2014,"2,00,000","28,400 kms",Petrol
726,Hyundai Eon,Hyundai,2014,"2,00,000","28,000 kms",Petrol
727,Maruti Suzuki Swift,Maruti,2015,"4,25,000","42,000 kms",Diesel
728,Hyundai Verna 1.6,Hyundai,2012,"6,00,000","29,000 kms",Diesel
729,Chevrolet Tavera LS,Chevrolet,2005,"1,30,000","68,485 kms",Diesel
730,Tata Tiago Revotron,Tata,2018,"4,30,000","3,500 kms",Petrol
731,Tata Tiago Revotorq,Tata,2019,"5,68,500",0 kms,Petrol
732,Tata Nexon,Tata,2019,Ask For Price,0 kms,Petrol
733,Maruti Suzuki Zen,Maruti,2006,"71,000","32,000 kms",Petrol
734,Mahindra KUV100 K8,Mahindra,2018,"5,60,000","8,000 kms",Diesel
735,Ford EcoSport Titanium,Ford,2014,"5,90,000","34,000 kms",Diesel
736,Hindustan Motors Ambassador,Hindustan,1995,"7,50,000","37,000 kms",Petrol
737,Ford Fusion 1.4,Ford,2007,"1,25,000","85,455 kms",Diesel
738,Hyundai Santro Xing,Hyundai,2007,"1,35,000","46,000 kms",Petrol
739,Hyundai Santro,Hyundai,2002,"60,000","47,000 kms",Petrol
740,Fiat Linea Emotion,Fiat,2009,"1,20,000","64,000 kms",Petrol
741,Ford Ikon 1.3,Ford,2008,"95,000","46,000 kms",Petrol
742,Maruti Suzuki Omni,Maruti,2017,"2,40,000","8,000 kms",Petrol
743,Tata Indica V2,Tata,2012,"1,15,000","64,000 kms",Diesel
744,Mahindra Scorpio S4,Mahindra,2015,"7,95,000","63,000 kms",Diesel
745,Hyundai Santro Xing,Hyundai,2007,"55,000","65,000 kms",Petrol
746,Mahindra Xylo D2,Mahindra,2009,"3,00,000","62,000 kms",Diesel
747,Hyundai Grand i10,Hyundai,2014,"3,20,000","41,000 kms",Petrol
748,Maruti Suzuki Alto,Maruti,2015,"2,65,000","14,000 kms",Petrol
749,Toyota Corolla,Toyota,2006,"1,60,000","40,000 kms",Petrol
750,Hyundai Eon Magna,Hyundai,2017,"3,00,000","1,600 kms",Petrol
751,Tata Sumo Grande,Tata,2010,"1,30,000","90,000 kms",Diesel
752,Maruti Suzuki Swift,Maruti,2011,"2,50,000","58,000 kms",Diesel
753,Volkswagen Polo Highline1.2L,Volkswagen,2013,"3,80,000","27,000 kms",Petrol
754,Maruti Suzuki Alto,Maruti,2003,"42,000","60,000 kms",Petrol
755,Tata Tiago Revotron,Tata,2017,"4,00,000","31,000 kms",Petrol
756,Maruti Suzuki Swift,Maruti,2009,"1,20,000","90,000 kms",Diesel
757,Maruti Suzuki Swift,Maruti,2009,"1,20,000","90,000 kms",Diesel
758,Tata Indigo eCS,Tata,2016,"1,30,000","1,50,000 kms",Diesel
759,Chevrolet Beat LS,Chevrolet,2014,"1,89,000","31,000 kms",Diesel
760,Mahindra Xylo E8,Mahindra,2011,"3,65,000","43,000 kms",Diesel
761,Hyundai Eon D,Hyundai,2013,"1,70,000","20,000 kms",Petrol
762,Tata Sumo Gold,Tata,2013,"2,15,000","1,00,000 kms",Petrol
763,Tata Nano,Tata,2013,"60,000","7,000 kms",Petrol
764,Hyundai Elite i20,Hyundai,2017,"5,99,999","31,000 kms",Petrol
765,Hyundai i10 Magna,Hyundai,2009,"4,00,000","33,000 kms",Petrol
766,Hyundai Creta,Hyundai,2016,"9,00,000","60,000 kms",Diesel
767,Volkswagen Polo,Volkswagen,2013,"2,99,999","48,000 kms",Diesel
768,Maruti Suzuki Dzire,Maruti,2014,"3,74,999","33,000 kms",Petrol
769,Tata Bolt XM,Tata,2015,"6,00,000","15,000 kms",Petrol
770,Maruti Suzuki Alto,Maruti,2005,"70,000","47,000 kms",Petrol
771,Maruti Suzuki Alto,Maruti,2005,"1,00,000","40,000 kms",Petrol
772,Hyundai Venue,Hyundai,2019,Ask For Price,"7,000 kms",Diesel
773,Maruti Suzuki Ritz,Maruti,2010,"1,50,000","38,000 kms",Diesel
774,Maruti Suzuki Alto,Maruti,2017,"2,25,000","12,500 kms",Petrol
775,Maruti Suzuki Dzire,Maruti,2009,"2,10,000","42,000 kms",Petrol
776,Renault Lodgy,Renault,2016,Ask For Price,"20,000 kms",Diesel
777,Hyundai i20 Asta,Hyundai,2014,"4,25,000","31,000 kms",Petrol
778,Maruti Suzuki Swift,Maruti,2008,"1,62,000","60,000 kms",Diesel
779,Tata Indica V2,Tata,2005,"60,000","80,000 kms",Diesel
780,Mahindra Scorpio VLX,Mahindra,2014,"6,50,000","77,000 kms",Diesel
781,Toyota Innova 2.5,Toyota,2012,"7,50,000","75,000 kms",Diesel
782,Mahindra Xylo E8,Mahindra,2010,"3,75,000","40,000 kms",Diesel
783,Hyundai i20 Magna,Hyundai,2011,"2,30,000","47,000 kms",Petrol
784,Maruti Suzuki Omni,Maruti,2000,"35,999","60,000 kms",Petrol
785,Mahindra KUV100,Mahindra,2016,"3,80,000","26,500 kms",Petrol
786,Mahindra KUV100 K8,Mahindra,2019,"5,60,000","2,875 kms",Petrol
787,Datsun Go Plus,Datsun,2016,"2,85,000","13,900 kms",Petrol
788,Ford Endeavor 4x4,Ford,2019,"29,00,000","9,000 kms",Diesel
789,Tata Indica V2,Tata,2005,"39,999","80,000 kms",Diesel
790,Hyundai Santro Xing,Hyundai,2006,"85,000","60,000 kms",Petrol
791,Maruti Suzuki Wagon,Maruti,2016,"3,95,000","20,000 kms",Petrol
792,Maruti Suzuki Swift,Maruti,2008,"1,75,000","58,000 kms",Diesel
793,Maruti Suzuki Alto,Maruti,2019,"4,00,000","1,500 kms",Petrol
794,Toyota Innova 2.5,Toyota,2011,"7,50,000","75,000 kms",Diesel
795,Maruti Suzuki Alto,Maruti,2016,"2,50,000","2,450 kms",Petrol
796,Maruti Suzuki Alto,Maruti,2019,"4,25,000","1,625 kms",Petrol
797,Maruti Suzuki Alto,Maruti,2019,Ask For Price,"1,500 kms",Petrol
798,Volkswagen Polo Highline1.2L,Volkswagen,2017,"5,25,000","45,000 kms",Petrol
799,Mahindra Logan,Mahindra,2009,"1,30,000","65,000 kms",Diesel
800,Maruti Suzuki 800,Maruti,2000,"30,000","33,400 kms",Petrol
801,Mahindra Scorpio,Mahindra,2011,"4,75,000","60,123 kms",Diesel
802,Chevrolet Sail 1.2,Chevrolet,2013,"3,00,000","28,000 kms",Petrol
803,Volkswagen Vento Highline,Volkswagen,2015,Ask For Price,"38,900 kms",Diesel
804,Hyundai Santro AE,Hyundai,2003,"60,000","70,000 kms",Petrol
805,Maruti Suzuki Wagon,Maruti,2006,"1,00,000","7,000 kms",Petrol
806,Hyundai Eon,Hyundai,2018,"2,60,000","25,000 kms",Petrol
807,Tata Manza,Tata,2015,"1,00,000","1,00,000 kms",Diesel
808,Toyota Innova 2.0,Toyota,2019,Ask For Price,"4,000 kms",Petrol
809,Toyota Etios G,Toyota,2013,"2,65,000","42,000 kms",Petrol
810,Hyundai Getz Prime,Hyundai,2009,"1,15,000","20,000 kms",Petrol
811,Toyota Qualis,Toyota,2003,"1,80,000","1,00,000 kms",Diesel
812,Hyundai Santro Xing,Hyundai,2004,"45,000","1,37,495 kms",Petrol
813,Tata Indica eV2,Tata,2016,"50,500","91,200 kms",Diesel
814,Honda City 1.5,Honda,2009,"2,70,000","55,000 kms",Petrol
815,Tata Zest XE,Tata,2017,"2,90,000","1,20,000 kms",Diesel
816,Mahindra Quanto C4,Mahindra,2013,"3,25,000","63,000 kms",Diesel
817,Tata Indigo eCS,Tata,2016,"1,60,000","1,04,000 kms",Diesel
818,Maruti Suzuki Swift,Maruti,2016,"3,50,000","1,46,000 kms",Diesel
819,Hyundai Elite i20,Hyundai,2011,"2,90,000","40,000 kms",Petrol
820,Hyundai i20 Select,Hyundai,2011,"2,90,000","40,000 kms",Petrol
821,Chevrolet Tavera Neo,Chevrolet,2007,"4,65,000","1,00,800 kms",Diesel
822,Maruti Suzuki Dzire,Maruti,2016,"3,25,000","1,50,000 kms",Diesel
823,Hyundai Elite i20,Hyundai,2018,"5,10,000","2,100 kms",Petrol
824,Honda City VX,Honda,2016,"8,60,000","95,000 kms",Petrol
825,Maruti Suzuki Dzire,Maruti,2016,"4,50,000","2,500 kms",Diesel
826,Hyundai Getz,Hyundai,2006,"1,25,000","80,000 kms",Petrol
827,Mercedes Benz C,Mercedes,2006,"5,00,001","15,000 kms",Petrol
828,Maruti Suzuki Alto,Maruti,2005,"95,000","65,000 kms",Petrol
829,Maruti Suzuki Swift,Maruti,2009,"2,50,000","51,000 kms",Diesel
830,Skoda Fabia,Skoda,2009,"1,10,000","45,000 kms",Petrol
831,Maruti Suzuki Alto,Maruti,2015,Ask For Price,"70,000 kms",Petrol
832,Maruti Suzuki Ritz,Maruti,2011,"2,70,000","50,000 kms",Petrol
833,Tata Indica V2,Tata,2009,"1,10,000","30,000 kms",Diesel
834,Toyota Corolla Altis,Toyota,2009,"3,00,000","1,32,000 kms",Petrol
835,Tata Zest XM,Tata,2018,"2,60,000","27,000 kms",Diesel
836,Mahindra Quanto C8,Mahindra,2013,"3,90,000","40,000 kms",Diesel
